tribe,year,population,version
Acholi,2014,2131443,bad
Acholi,2014,1470554,good
Acholi,2024,1941913,bad
Acholi,2024,1941913,good
Alur,2014,850828,bad
Alur,2014,878453,good
Alur,2024,1152858,bad
Alur,2024,1152858,good
Bafumbira,2014,713009,bad
Bafumbira,2014,713231,good
Bafumbira,2024,949860,bad
Bafumbira,2024,949860,good
Baganda,2014,5555412,bad
Baganda,2014,5555319,good
Baganda,2024,7037404,bad
Baganda,2024,7037404,good
Bagisu,2014,2390975,bad
Bagisu,2014,1646904,good
Bagisu,2024,2096149,bad
Bagisu,2024,2096149,good
Bakiga,2014,1470884,bad
Bakiga,2014,2390446,good
Bakiga,2024,2947837,bad
Bakiga,2024,2947837,good
Bakonzo,2014,966856,bad
Bakonzo,2014,850646,good
Bakonzo,2024,1104462,bad
Bakonzo,2024,1104462,good
Banyankore,2014,3217015,bad
Banyankore,2014,3216332,good
Banyankore,2024,4200782,bad
Banyankore,2024,4200782,good
Banyoro,2014,878529,bad
Banyoro,2014,966976,good
Banyoro,2024,1218121,bad
Banyoro,2024,1218121,good
Basoga,2014,2960983,bad
Basoga,2014,2960890,good
Basoga,2024,3703535,bad
Basoga,2024,3703535,good
Batoro,2014,810742,bad
Batoro,2014,810708,good
Batoro,2024,1005433,bad
Batoro,2024,1005433,good
Iteso,2014,2365107,bad
Iteso,2014,2364569,good
Iteso,2024,3146079,bad
Iteso,2024,3146079,good
Langi,2014,1647382,bad
Langi,2014,2131495,good
Langi,2024,2703277,bad
Langi,2024,2703277,good
Lugbara,2014,1099879,bad
Lugbara,2014,1099733,good
Lugbara,2024,1230384,bad
Lugbara,2024,1230384,good
Other tribes,2014,6572351,bad
Other tribes,2014,7383093,good
Other tribes,2024,8934046,bad
Other tribes,2024,8934046,good
