country,region,lifeExp,pop,gdpPercap
Algeria,Northern Africa,72.301,33333216,6223.367465
Angola,Central Africa,42.731,12420476,4797.231267
Benin,Western Africa,56.728,8078314,1441.284873
Botswana,Southern Africa,50.728,1639131,12569.85177
Burkina Faso,Western Africa,52.295,14326203,1217.032994
Burundi,Eastern Africa,49.58,8390505,430.0706916
Cameroon,Central Africa,50.43,17696293,2042.09524
Central African Republic,Central Africa,44.741,4369038,706.016537
Chad,Central Africa,50.651,10238807,1704.063724
Comoros,Eastern Africa,65.152,710960,986.1478792
"Congo, Dem. Rep.",Central Africa,46.462,64606759,277.5518587
"Congo, Rep.",Central Africa,55.322,3800610,3632.557798
Cote d'Ivoire,Western Africa,48.328,18013409,1544.750112
Djibouti,Eastern Africa,54.791,496374,2082.481567
Egypt,Northern Africa,71.338,80264543,5581.180998
Equatorial Guinea,Central Africa,51.579,551201,12154.08975
Eritrea,Eastern Africa,58.04,4906585,641.3695236
Ethiopia,Eastern Africa,52.947,76511887,690.8055759
Gabon,Central Africa,56.735,1454867,13206.48452
Gambia,Western Africa,59.448,1688359,752.7497265
Ghana,Western Africa,60.022,22873338,1327.60891
Guinea,Western Africa,56.007,9947814,942.6542111
Guinea-Bissau,Western Africa,46.388,1472041,579.231743
Kenya,Eastern Africa,54.11,35610177,1463.249282
Lesotho,Southern Africa,42.592,2012649,1569.331442
Liberia,Western Africa,45.678,3193942,414.5073415
Libya,Northern Africa,73.952,6036914,12057.49928
Madagascar,Eastern Africa,59.443,19167654,1044.770126
Malawi,Eastern Africa,48.303,13327079,759.3499101
Mali,Western Africa,54.467,12031795,1042.581557
Mauritania,Western Africa,64.164,3270065,1803.151496
Mauritius,Eastern Africa,72.801,1250882,10956.99112
Morocco,Northern Africa,71.164,33757175,3820.17523
Mozambique,Eastern Africa,42.082,19951656,823.6856205
Namibia,Southern Africa,52.906,2055080,4811.060429
Niger,Western Africa,56.867,12894865,619.6768924
Nigeria,Western Africa,46.859,135031164,2013.977305
Reunion,Eastern Africa,76.442,798094,7670.122558
Rwanda,Eastern Africa,46.242,8860588,863.0884639
Sao Tome and Principe,Central Africa,65.528,199579,1598.435089
Senegal,Western Africa,63.062,12267493,1712.472136
Sierra Leone,Western Africa,42.568,6144562,862.5407561
Somalia,Eastern Africa,48.159,9118773,926.1410683
South Africa,Southern Africa,49.339,43997828,9269.657808
Sudan,Northern Africa,58.556,42292929,2602.394995
Swaziland,Southern Africa,39.613,1133066,4513.480643
Tanzania,Eastern Africa,52.517,38139640,1107.482182
Togo,Western Africa,58.42,5701579,882.9699438
Tunisia,Northern Africa,73.923,10276158,7092.923025
Uganda,Eastern Africa,51.542,29170398,1056.380121
Zambia,Eastern Africa,42.384,11746035,1271.211593
Zimbabwe,Eastern Africa,43.487,12311143,469.7092981
